<?xml version="1.0" encoding="UTF-8"?>
<install version="1.0" type="osmplugin" group="payment">
    <name>os_squarecard</name>
    <title>Square Card Payment</title>
    <creationDate>April 2022</creationDate>
    <author>Tuan Pham Ngoc</author>
    <authorEmail>tuanpn@joomdonation.com</authorEmail>
    <authorUrl>http://www.joomdonation.com</authorUrl>
    <copyright>Copyright (C) 2012 - 2022 Ossolution Team</copyright>
    <license>http://www.gnu.org/licenses/gpl-2.0.html GNU/GPL</license>
    <version>4.1.1</version>
    <description>Square Up Card Payment Plugin For Events Booking extension</description>
    <config>
        <fields name="params">
            <fieldset name="basic">
                <field name="mode" type="list" label="Squareup Mode" default="1">
                    <option value="0">Sandbox</option>
                    <option value="1">Live</option>
                </field>
                <field name="application_id" type="text" size="60" label="Application ID"/>
                <field name="access_token" type="text" size="60" label="Access Token"/>
                <field name="location_id" type="text" size="60" label="Location ID"/>
                <field name="icon" type="imagelist" directory="media/com_osmembership/assets/images/paymentmethods"
                       label="Icon"
                       description="If you want to show icon instead of payment method title on registration form, upload it to media/com_osmembership/assets/images/paymentmethods folder and select it here. For example os_squareup.png"/>
                <field name="payment_fee_amount" type="text" label="Payment Processing Fee ($)"/>
                <field name="payment_fee_percent" type="text" label="Payment Processing Fee (%)"/>
            </fieldset>
        </fields>
    </config>
    <files>
        <filename>os_squarecard.php</filename>
        <folder>squarecard</folder>
    </files>
</install>