<?xml version="1.0" encoding="UTF-8"?>
<install version="1.0" type="plugin" group="payment">
    <name>os_stripecheckout</name>
    <title>Stripe Checkout</title>
    <author>Tuan Pham Ngoc</author>
    <creationDate>07-02-2019</creationDate>
    <copyright>Copyright 2010 - 2022 Ossolution Team</copyright>
    <license>http://www.gnu.org/licenses/old-licenses/gpl-2.0.html GNU/GPL version 2</license>
    <authorEmail>tuanpn@joomdonation.com</authorEmail>
    <authorUrl>www.joomdonation.com</authorUrl>
    <version>4.1.2</version>
    <description>Stripe Checkout Payment Plugin For Events Booking Extension</description>
    <config>
        <fields name="params">
            <fieldset name="basic">
                <field name="mode" type="list" label="Payment Mode" default="1">
                    <option value="0">Sandbox</option>
                    <option value="1">Live</option>
                </field>
                <field name="stripe_public_key" type="text" size="60" label="Public API Key" showon="mode:1"/>
                <field name="stripe_api_key" type="text" size="60" label="Secret API Key" showon="mode:1"/>
                <field name="endpoint_secret" type="text" size="60" label="Signing Secret" showon="mode:1"/>
                <field name="sandbox_stripe_public_key" type="text" size="60" label="Sandbox Public API Key"
                       showon="mode:0"/>
                <field name="sandbox_stripe_api_key" type="text" size="60" label="Sandbox Secret API Key"
                       showon="mode:0"/>
                <field name="sandbox_endpoint_secret" type="text" size="60" label="Sandbox Signing Secret"
                       showon="mode:0"/>
                <field name="payment_method_types" type="list" label="Payment Method Types" multiple="true"
                       description="Choose the payment methods you want to allow customers to process payment"
                       default="card">
                    <option value="card">card</option>
                    <option value="acss_debit">acss_debit</option>
                    <option value="afterpay_clearpay">afterpay_clearpay</option>
                    <option value="alipay">alipay</option>
                    <option value="au_becs_debit">au_becs_debit</option>
                    <option value="bacs_debit">bacs_debit</option>
                    <option value="bancontact">bancontact</option>
                    <option value="boleto">boleto</option>
                    <option value="eps">eps</option>
                    <option value="fpx">fpx</option>
                    <option value="giropay">giropay</option>
                    <option value="grabpay">grabpay</option>
                    <option value="ideal">ideal</option>
                    <option value="klarna">klarna</option>
                    <option value="konbini">konbini</option>
                    <option value="oxxo">oxxo</option>
                    <option value="p24">p24</option>
                    <option value="paynow">paynow</option>
                    <option value="sepa_debit">sepa_debit</option>
                    <option value="sofort">sofort</option>
                    <option value="us_bank_account">us_bank_account</option>
                    <option value="wechat_pay">wechat_pay</option>
                </field>
                <field name="icon" type="imagelist" directory="media/com_eventbooking/assets/images/paymentmethods"
                       label="Icon"
                       description="If you want to show icon instead of payment method title on registration form, upload it to media/com_eventbooking/assets/images/paymentmethods folder and select the icon here. For example os_stripe.png"/>
                <field name="order_prefix" type="text" size="60" label="Order Prefix" default="EB"
                       description="If you have multiple extensions use Stripe Checkout, please make sure each extension has it own prefix."/>
                <field name="payment_fee_amount" type="text" label="Payment Processing Fee ($)"/>
                <field name="payment_fee_percent" type="text" label="Payment Processing Fee (%)"/>
                <field name="ipn_log" type="list" label="Log IPN messages"
                       description="This is only used for debug purpose when requested. Please set it to No unless requested by our support team"
                       default="0">
                    <option value="0">No</option>
                    <option value="1">Yes</option>
                </field>
            </fieldset>
        </fields>
    </config>
    <files>
        <folder>stripecheckout</folder>
        <filename>os_stripecheckout.php</filename>
    </files>
</install>