<?xml version="1.0" encoding="UTF-8"?>
<install version="1.0" type="plugin" group="payment">
    <name>os_squareup</name>
    <title>Square</title>
    <creationDate>November 2020</creationDate>
    <author>Tuan Pham Ngoc</author>
    <authorEmail>tuanpn@joomdonation.com</authorEmail>
    <authorUrl>http://www.joomdonation.com</authorUrl>
    <copyright>Copyright (C) 2012 - 2020 Ossolution Team</copyright>
    <license>http://www.gnu.org/licenses/gpl-2.0.html GNU/GPL</license>
    <version>3.14.0</version>
    <description>Square Up Payment Plugin For Events Booking extension</description>
    <config>
        <fields name="params">
            <fieldset name="basic">
                <field name="mode" type="list" label="Squareup Mode" default="1">
                    <option value="0">Sandbox</option>
                    <option value="1">Live</option>
                </field>
                <field name="application_id" type="text" size="60" label="Application ID"/>
                <field name="location_id" type="text" size="60" label="Location ID"/>
                <field name="access_token" type="text" size="60" label="Access Token"/>
                <field name="icon" type="imagelist" directory="media/com_eventbooking/assets/images/paymentmethods"
                       label="Icon"
                       description="If you want to show icon instead of payment method title on registration form, upload it to media/com_eventbooking/assets/images/paymentmethods folder and select it here. For example os_squareup.png"/>
                <field name="payment_fee_amount" type="text" label="Payment Processing Fee ($)"/>
                <field name="payment_fee_percent" type="text" label="Payment Processing Fee (%)"/>
            </fieldset>
        </fields>
    </config>
    <files>
        <filename>os_squareup.php</filename>
        <folder>squareupapi</folder>
    </files>
</install>